from_id,to_id,call_id
张卫国,李志强,call_0001
张卫国,李志强,call_0002
张卫国,李志强,call_0003
张卫国,李志强,call_0004
张卫国,李志强,call_0005
张卫国,李志强,call_0006
张卫国,李志强,call_0007
张卫国,李志强,call_0008
张卫国,李志强,call_0009
张卫国,李志强,call_0010
张卫国,李志强,call_0011
张卫国,李志强,call_0012
张卫国,李志强,call_0013
张卫国,李志强,call_0014
张卫国,李志强,call_0015
张卫国,李志强,call_0016
张卫国,李志强,call_0017
张卫国,李志强,call_0018
张卫国,李志强,call_0019
张卫国,李志强,call_0020
张卫国,李志强,call_0021
张卫国,李志强,call_0022
张卫国,李志强,call_0023
张卫国,李志强,call_0024
张卫国,李志强,call_0025
张卫国,李志强,call_0026
张卫国,李志强,call_0027
张卫国,李志强,call_0028
张卫国,李志强,call_0029
张卫国,李志强,call_0030
张卫国,李志强,call_0031
张卫国,李志强,call_0032
张卫国,李志强,call_0033
张卫国,李志强,call_0034
张卫国,李志强,call_0035
张卫国,李志强,call_0036
张卫国,李志强,call_0037
张卫国,李志强,call_0038
张卫国,李志强,call_0039
张卫国,李志强,call_0040
张卫国,李志强,call_0041
张卫国,李志强,call_0042
张卫国,李志强,call_0043
张卫国,李志强,call_0044
张卫国,李志强,call_0045
张卫国,李志强,call_0046
张卫国,李志强,call_0047
张卫国,李志强,call_0048
张卫国,李志强,call_0049
张卫国,李志强,call_0050
张卫国,李志强,call_0051
张卫国,李志强,call_0052
张卫国,李志强,call_0053
张卫国,李志强,call_0054
张卫国,李志强,call_0055
张卫国,李志强,call_0056
张卫国,李志强,call_0057
张卫国,李志强,call_0058
张卫国,李志强,call_0059
张卫国,李志强,call_0060
张卫国,李志强,call_0061
张卫国,李志强,call_0062
张卫国,李志强,call_0063
张卫国,李志强,call_0064
张卫国,李志强,call_0065
张卫国,李志强,call_0066
张卫国,李志强,call_0067
张卫国,李志强,call_0068
张卫国,李志强,call_0069
张卫国,李志强,call_0070
张卫国,李志强,call_0071
张卫国,李志强,call_0072
张卫国,李志强,call_0073
张卫国,李志强,call_0074
张卫国,李志强,call_0075
张卫国,李志强,call_0076
张卫国,李志强,call_0077
张卫国,李志强,call_0078
张卫国,李志强,call_0079
张卫国,李志强,call_0080
张卫国,李志强,call_0081
张卫国,李志强,call_0082
张卫国,李志强,call_0083
张卫国,李志强,call_0084
张卫国,李志强,call_0085
张卫国,李志强,call_0086
张卫国,李志强,call_0087
张卫国,李志强,call_0088
张卫国,李志强,call_0089
张卫国,李志强,call_0090
张卫国,李志强,call_0091
张卫国,李志强,call_0092
张卫国,李志强,call_0093
张卫国,李志强,call_0094
张卫国,李志强,call_0095
张卫国,李志强,call_0096
张卫国,李志强,call_0097
张卫国,李志强,call_0098
张卫国,李志强,call_0099
张卫国,李志强,call_0100
张卫国,李志强,call_0101
张卫国,李志强,call_0102
张卫国,李志强,call_0103
张卫国,李志强,call_0104
张卫国,李志强,call_0105
张卫国,李志强,call_0106
张卫国,李志强,call_0107
张卫国,李志强,call_0108
张卫国,李志强,call_0109
张卫国,李志强,call_0110
张卫国,李志强,call_0111
张卫国,李志强,call_0112
张卫国,李志强,call_0113
张卫国,李志强,call_0114
